start_pos_x,start_pos_y,start_pos_z,rel_dist_x,rel_dist_y,rel_dist_z,tof,delta_v
-854279.53,457451.87,922102.87,-580936.76,113494.77,-671791.99,0.81,24189.14
290459.18,115626.74,-767046.33,386519.46,984112.25,-512115.03,10.17,30990.86
654648.78,-150918.78,657563.3,739209.02,711693.09,-746213.54,4.62,29062.34
-410380.36,-764721.31,-159168.8,-355384.07,235968.78,-880012.08,8.14,30019.37
-351986.97,537589.3,532017.49,796938.95,-241010.17,506281.31,3.22,30842.94
168838.83,799944.51,-623138.35,-483190.09,-767510.61,-609164.75,15.85,27821.13
52677.23,609302.83,907587.55,-374005.87,-450192.32,647855.71,11.02,26954.08
582520.43,-202430.34,4429.34,376393.5,-489299.3,392088.67,1.48,35852.77
-4334.9,-277772.98,695290.97,313766.29,-37805.28,832273.18,4.33,32575.74
-965896.48,61116.09,544156.34,189945.69,804342.87,641607.35,3.28,26715.56
6801.61,-112977.1,-527800.96,-65135.72,-3045.46,281574.41,890.66,38429.9
-239275.64,336204.7,718541.34,265491.35,-179570.11,-42599.24,995.41,31017.95
39254.48,-383351.29,213288.32,413053.97,481382.87,515357.95,3.34,42494.33
-337179.76,-535013.93,574610.83,-229325.28,-267869.38,396635.62,6.78,30501.65
265223.48,113663.84,-169660.06,65188.48,270223.56,-45160.71,746.2,48801.67
975072.34,15384.21,-558220.61,356676.45,-639906.99,-332515.26,21.62,26613
7636.06,-15609.76,100523.24,149361.2,-31984.66,334760.74,955.34,88400.33
-670488.62,-598389.28,-144421.4,-129711.81,-303844.19,-953362.25,15.74,29569.24
201085.57,-696530.27,995612,-310497.89,-592022.85,817374.06,19.81,25416.55
-53886.15,339347,-97520.16,-39817.93,-172679.76,-288526.9,737.62,47244.14
316756.76,863013.73,139677.37,830423.98,394870.34,-101104.01,2.05,29180.16
-787749.64,235817.15,-435532.79,-500733.84,-841498.92,968968.99,10.93,29237.31
-317601.72,92418.56,-316829.88,600100.07,-538792.97,24246.05,995.95,41719.38
-977844.1,-507967.79,-260902.48,-123423.85,774730.33,337924.39,8.77,26491.27
-549056.1,-705072.67,282042.48,-446608.63,964671.54,-939888.83,14.57,29139.97
699243.13,-159260.45,-622322.44,577465.36,676634.84,662283.3,16.09,28949.99
-948957.93,776110.54,-473750.79,94782.04,222650.96,435257.59,4.46,24557.87
295072.13,-574252.01,-440336.39,-166794.71,477014.91,219632.48,790.42,31939.3
221200.83,-518256.66,-510187.96,164115.63,-580637.43,708386.98,16.68,32362.18
-440846.7,83496.27,880487.5,558203.14,-457164.58,-483784.7,9.79,28366.24
-894908.42,379889.72,-67849.2,172224.38,-694223.99,-287869.69,6.54,28553.58
-795351.61,-535880.52,201558.29,-761964.85,-347805.93,-326974.72,0.35,28187.15
205836.99,-315517.37,-907523.62,676868.47,-29943.45,-138481.62,7.36,28439.7
-83890.22,424227.84,-858382.08,142674.65,-505207.66,-673521.62,14.13,28771.55
-822168.34,141365.34,10816.08,-130031.9,358030.49,132840.73,2.64,30831.65
-921966.04,-503720.94,-959142.64,-937020.61,-647690.4,333087.77,28.01,23651.02
-146221.23,78889.99,-71766.74,-424409.69,-35349.26,445714.69,965.38,66369.11
443632.88,474491.45,-435893.2,-233543.74,634350.69,-659506.45,16.16,31899.89
432675.61,-777830.92,191325.19,-696894.96,-908926.73,303580.89,4.04,29528.61
404765.68,636315.21,-675626.4,709407.53,-558892.44,40926.02,18.16,28035.25
78522.39,55456.1,463611.43,-157117.28,-186371.95,-656543.88,785.69,41033.48
148085.12,177846.53,-65646.31,632509.45,-218332.2,338654.3,999.02,57567.2
780716.98,171502.34,-850460.14,966482.81,994823.02,-646089.02,20.01,26110.49
-614690.15,-676567.49,-149047.51,771616.16,750831.04,-696101.09,15.89,29312.99
70444.32,252987.88,949570.22,412923.55,953518.82,-253784.15,8.03,28404.42
661218.41,-904036.66,449501.41,620301.77,-247210.8,458381.74,9.36,25659.81
-264825.56,-246482.73,-227810.14,870926.24,373240.48,-320465.01,4.52,43141.69
141854.99,-391113.02,103994.77,-139822.07,418056.2,38409.64,453.89,43115.85
-914791.2,863506.41,234668.8,-622667.69,-982162.04,127517.96,11.87,24923.09
274910.25,510814.54,320037.07,-783074.57,60429.48,664266.13,9.1,34657.24
-751306.84,-855172.26,-605550.31,467101.08,-520542.64,224118.87,19.79,24839.44
241493.96,381636.97,218655.84,767768.81,-456637.73,-654349.75,3.23,39805.16
-385706.03,581680.72,-209996.79,-864832.86,-604502.87,218489,17.03,33050.81
564584.95,-596966.03,-161532.47,-905818.92,-765930.27,-67409.17,16.45,30831.01
844900.93,-491885.22,367377.21,254454.68,745683.99,737631.14,9.02,27588.6
-824502.13,424559.79,-696970.27,-856802.51,886109.28,114396.68,15.4,26185.13
307336.03,-594607.34,-761669.71,-418178.93,-213058.42,-729483.24,8.18,27997.95
-187996.04,-630514.25,910352.8,822519.21,-653259.59,-828129.18,21.35,26617.98
915392.09,-967628.21,-395975.93,598900.15,785727.05,420245.01,5.37,23887.36
805335.05,-635044.11,-996708.07,238503.21,-878351.23,-805947.6,18.3,23581.21
-970613.33,114367.38,-64379.52,765378.74,795926.91,894423.68,17.92,28505.3
68046.34,-685901.18,832102.43,-415789.74,712843.89,926789.79,23.75,27141.55
100190.28,561073.3,60967.46,760801.26,977120.5,-282281.22,9.03,37264.11
463416.08,357773.75,392344.24,951894.49,631892.51,962155.54,12.97,33607.33
-760223.23,12296.7,564230.86,536862.74,504006.32,829273.55,23.42,28997.14
75029.05,-727603.65,410894.9,-69563.41,396531.98,-64546.87,892.46,30825.79
810876.9,405722.41,-340744.14,963549.59,760259.08,467271.19,29.41,28671.08
34728.94,-171783.58,569702.03,33214.94,452240.26,-630055.4,977.3,36571.66
519006.42,503221.82,260152.12,-547177.65,678959.34,692441.76,9.53,32179.53
917327.26,767034.39,120265.43,976439.29,936165.3,467494.64,37.67,25739.19
632101.43,516782.35,305125.41,-767924.46,281385.27,698464.29,12.9,30214.35
-419214.46,-143247.87,283482.12,120077.23,513010.86,105371.44,985.09,38932.64
607890.62,-860932.07,111640.44,-128084.23,880121.82,557208.25,0.82,27229.69
665706.93,-451214.44,-889640.44,532229.05,407200.29,-839954.8,16.38,25754.26
-95854.73,-62114.84,-418817.53,-16842.42,133455.85,719379.63,901.96,42853.26
711000.27,560594.71,1063.28,-539492.2,81959.44,250434.19,9.89,29638.25
-187616.44,299813.01,78945.38,-358109.58,236230.73,4650.87,913.02,46903.2
-506978.61,729471.83,-28700.38,-261101.14,101719.69,890628.37,18.67,29926.43
696549.26,-839610.4,-126265.13,-639922.58,-59966.93,-868061.79,13.32,26911.5
982085.79,-914834.93,-988825.75,418391.33,-441248.7,-540308.54,9.25,21818.75
-542675.3,-568013.96,-875891.14,-937385.37,349344.76,-213761.44,1.65,25899.9
302471.88,-537168.41,-111962.03,454267.86,815659.2,344781.12,5.67,35628.42
-990996.32,-508885.59,-42175.3,-145719.15,937491.12,-886909.89,23.62,26719.84
-971853.84,-765224.87,601786.76,867081.96,-116112.11,-712328.44,2.03,23950.99
-816507.21,-393827.02,-152731.55,-173452.3,-604908.28,583787.57,16.73,29423.48
-674934.04,278460.27,-724985.7,938504.32,747703.95,-293001.02,2.86,27750.93
-525197.73,838942.69,-743590.31,-578482.28,714539.33,-881807.1,33.07,25358.22
-930800,-400421.98,-169577.47,-810870.88,-592838.65,-34507.96,3.92,27787.95
721274.92,796592.26,210896.34,-4563.29,61962.04,635011.59,16.59,26953.87
287031.59,-97362.88,429992.09,853624.1,466474.59,273778.82,14.06,38906.84
-809547.81,956372.48,-453920.79,325008.02,-417938.43,827713.3,6.79,24404.04
427114.38,509750.52,504120.69,680941.5,88845.87,-486010.41,6.77,30865.06
291819.63,376292.32,-154721.9,-765286.8,-140543.3,135325.62,964.87,39902.5
175649.61,30385.48,361401.26,295925.17,292296.34,-125503.61,987.92,44478.23
-556429.06,295884.11,966074.45,-211116.1,-184172.96,-625876.37,14.81,26259.79
-408783.97,-655426.67,139506.79,-601498.11,-307638.55,-95722.49,9.31,31835.06
479260.7,-378514.73,-341003.35,-811742.73,-471228.78,-647521.79,5.41,33714.58
469755.64,692926.39,-129680.49,-703311.04,941053.18,-542729.68,16.7,30653.12
-345908.91,361955.03,692777.44,290731.76,727805.26,163649.93,0.44,30272.42
322085.81,-267144.71,189185.92,-39945.19,-104231.78,-141971.96,594.32,41664.74
-199010.28,759002.09,876541.9,-820164.71,888423.77,763116.53,11.68,25996.24
-993512.14,4143.69,-465020.71,662729.08,94460.82,-958627.75,16.79,26931.31
-149544.03,305281.07,-601785.92,19181.11,511945.33,751916.47,5.47,33917.25
-49466.12,-669503.18,-544658.47,265946.86,-959129.73,-197735.61,6.04,30320.36
850597.05,800472.74,700336.57,322490.39,708821.52,-435329.31,20.14,24167.94
-451832.49,902799.71,564578.07,-554234.73,584750.83,-554146.18,8.97,26211.04
803239.39,-391953.6,811815.3,678374.91,351033.73,577568.36,15.13,25665.32
-569096.72,-479173.55,910190.82,537320.88,527841.44,862478.53,23.1,26018.96
-302412.57,318532.24,-562296.47,-170717.35,-89644.2,-975111.35,17.34,33404.93
-350385.9,794773.73,806802.91,-227612.9,-193723.18,715580.4,6.46,25879.52
-975495.73,739597.71,183786.02,-936148.25,-707314.12,-809638.24,10.33,25337.91
-371668.45,-850568.77,-695662.65,598856.87,-927945.19,516129.64,1.03,26038.88
-621426.46,-633915.01,-322565.71,-496013.77,583742.26,114004.33,1.84,28944.1
-244378.55,328476.23,341676.8,-231781.55,-136065.46,152071.15,855.13,38665.07
718869.26,651432.44,-41170.52,-806088.66,896152.37,915793.02,16.28,28627.69
616567.83,348217.18,-94423.66,-301091.18,-36728.11,-167084.36,808.84,33406.04
248939.12,-256198.39,-735852.08,783868.18,-560349.56,556245.33,16.24,31195.01
-112993.08,279666.75,256835.46,-936540.91,-646841.66,760007.66,13.57,44840.21
205373.57,-249800.22,-796443.28,-832656.43,-177540.47,838014.61,12.34,30424.5
916105.2,-245073.46,-242281.92,-78886.18,-948453,-412748.89,2.19,28440.9
-632600.01,-676539.96,280468.7,642814.34,83192.02,-643259.57,11.43,28668.85
878690.96,626674.69,-710486.85,-563700.2,-42848.12,-405969.61,7.15,24787.55
291256.5,206837.38,-81785.04,-21373.09,-490771.61,-389822.64,803.15,46640.79
-787106.87,-590469.71,35885.93,-657913.84,-470991.36,83195.79,18.73,28430.86
-85150.77,-438114.63,-36081.71,-457541.94,209970.81,-137488.4,975.56,42194.76
-130464.69,346316.16,55090.2,384616.21,766072.98,259756.18,6.83,46130.88
-680048.6,256367.24,-335901.47,-890201.65,190181.49,-447952.26,18.66,31533.58
236038.27,608097.77,-638767.07,770050.71,854530.47,-468135.88,22.14,29529.56
199225.47,-12676.54,236786.93,-97030.64,-198936.62,-47.06,787.28,50735.05
227735.92,-545366.43,606012.91,-936731.99,-404483.88,-595720.36,3.83,30625.5
-329493.41,100028.11,-648354.55,488032.64,453536.87,398888.62,8.51,32918.99
-280612.47,-22215.55,-186258.9,46690.19,-4410.7,-468323.16,739.47,48598.93
889878.76,-211287.76,-708919.4,105922.98,423763.57,-408962.9,4.56,26181.67
157685.37,-720963.8,-679926.71,643333.72,-970784.01,-637040.67,31.29,28169.01
-832175.84,569104.35,476230.75,-938286.18,757942.87,669288.41,36,26723.07
-329604.75,828933.92,-688178.27,-524152.98,138763.96,890373.88,21.24,26577.23
-791867.67,469592.19,-819723.14,-831269.7,-951325.13,-659721.07,9.65,25389.68
505420.59,46471.84,745982.65,-195350.24,705508.24,-40986.23,5.6,29674.1
-289841.15,-570554.51,316572.43,970105.4,-50876.79,-727685.92,7.9,33379.48
197607.99,334503.08,-726675.82,-642029.81,714110.31,981401.46,8.36,31067.18
875328.38,-369638.26,463413.01,-939463.92,952600.81,-215311.55,3.61,27387.72
-746738.13,-877414.3,-470686.66,639383.35,-316999.78,-790745.55,13.46,25275.73
112496.08,-584841.17,233686.17,-186101.24,224635.87,-180539.95,763,35300.04
-424396.89,200749.09,800680.23,-990578.65,-742006.34,764432.1,31.78,29290.85
-890411.19,-810022.79,-616180.94,634872.58,595089.47,282077.05,1.92,24154.09
454856.25,998378.71,-812583.92,699643.86,-862820.34,-604306.98,16.09,24133.72
29929.42,-38658.85,546860.13,120833.02,53465.95,253317.83,924.16,38105.14
374224.73,738371.21,-932584.54,-984103.43,-150797.85,952351.35,15.36,25254.31
-526235.39,-439257.31,322534.24,974915.47,376408.85,66501.53,11.19,32410.48
272339.38,-436030.56,-466298.64,-235828.36,-288423.17,114423.26,7.32,33854.03
-213951.62,81467,-3071.74,-59106.35,577189.48,131409.48,947,59007.49
52932.28,-414044.62,270214,-424349.99,193530.07,-339486.79,774.54,40040.72
-562124.81,-369867.89,-484795.14,-702455.75,-433469.92,-302900.51,15.63,30979.54
322178.63,326513.55,-371183.86,280549.58,570686.87,-935530.34,18.69,36737.96
-129056.82,-12096.35,911049.7,-440077.45,720823.23,210493.89,14.2,29405.82
120188.32,111877.49,263632.79,-414846.51,-394878.59,31349.69,716.03,50663.36
135068.16,-167329.98,-125853.36,-473854.3,-93338.34,255332.41,657.42,56564.51
-179117.26,629432.51,585707.9,900658.12,733335.18,-872964.99,19.51,30106.71
555109.08,784590.24,163971.39,-722023.2,337808.7,-335126.97,8.49,28554.86
-206808.11,-20726.13,105825.87,-279792.8,100599.32,-265410.4,675.2,58464.01
-94002.25,628093.03,-820724.59,982972.22,762504.68,-127392.51,12,27683.94
247020.86,799100.3,220781.13,785342.19,283255.88,377419.85,5.57,30307.68
472699.17,43396.52,-218747.83,-331630.89,-181345.71,400781.61,648.92,39054.85
167496.25,162271.27,308742.78,104256.31,239517.48,7358.94,998.12,45391.35
677672.51,-572746.81,-227840.27,-114616.44,-229011.43,-708393.59,0.96,29335.33
316077.76,-391715.3,127205.28,351909.02,363561.86,58817.77,896.05,39186.4
416605.33,-626292.96,-845636.97,806056.49,-39121.54,-225215.91,13.04,26508.13
-959734.67,-807404.72,-208719.84,-369883.47,524152.29,-914848.75,6.2,24984.19
-529261.67,86548.82,-120422.53,346341.69,-223760.62,-67885.38,561.59,38084.27
-700705.89,454798.73,172018.32,79620.92,864327.66,-925298.66,2.64,30492.1
-241835.95,568018.29,-14394.33,-870617.55,-904582.44,486984.7,12.37,35905.4
548361.49,324389.02,-150051.18,-199256.18,942196.51,926275.57,20.97,34881.01
-136745.84,-171326.33,-96595.45,271904.83,67966.92,296131.25,843.94,57688.49
-170587.87,-286956.15,-332190.96,-966078.03,-927230.53,537380.27,12.88,41122.13
-898700.26,702422.44,393070.79,-904933.59,530938.07,682287.07,13,25672.28
-3454.6,403204.86,-451761.8,-206193.3,-83914.95,84077.33,861.42,36284.06
-802907.48,464437.07,-801896.32,-199362.18,-909723.91,423883.56,2.85,25406.39
-783942.11,-954982.53,852558.01,-483111,-525594.26,-886652.59,32.2,23024.61
110882.02,13284.35,325935.83,199488.65,-424469.3,-106827.42,919.86,48102.48
-937119.87,-69542.5,-793648.63,-979180.23,971687.38,278794.81,36.89,25441.65
-422100.22,6446.18,313930.02,140604.63,193113.54,198518.24,921.13,38927.73
551532.16,-503439.22,-507545.31,317603.15,813107.71,-654557.74,22.14,29693.94
-214751.34,-657591.23,-889560.78,-958542.51,-12581,-206696.72,5.8,26542.71
-50909.94,-279244.84,-416853.98,-163317.48,-158300.46,297816.48,791.62,39758.84
-533194.27,-140522.14,119503.48,-380286.48,-467614.73,461603.63,8.19,37558.6
482393.77,112729.62,841659.09,138861.39,-239640.53,-726545.7,1.72,28455.54
-404346.51,175755.5,414132.83,703462.65,-781171.44,272753.46,3.01,36240.92
-668239.5,-339626.91,-547515.77,607574.25,-213175.31,-809727.99,21.61,29284.76
-337535.72,-151359.8,990982.31,-86834.52,258805.28,-187898.05,6.97,27405.7
697201.91,841563.34,386042,672737.74,793384.63,472868.73,30.61,26207.89
520998.75,539577.26,-169226.75,-650984.12,471927.15,930371.32,11.96,32171.26
938976.22,758105.81,-638954.1,-33380.66,785559.37,-52481.19,5.03,24095.42
-387577.76,-702959.59,-539704.62,753632.53,-593016.77,-838259.92,5.34,28654.35
131061.19,681428.39,-364250.89,795500.64,864157.15,-660968.18,22.13,31875.03
808055.74,-518568.33,830269.93,-98906.43,804173.39,689899.51,15.59,25030.64
-1010.79,-956927.69,-687458.34,678109.71,-980668,-702990.78,8.62,25968.13
206131.11,-41348.88,-736094.77,-102300.75,681869.06,652640.34,2.73,32195.37
763132.09,463133.64,-942953.14,-528815.97,-443207.14,39214.02,3.69,24698.29
130414.44,892141.51,-77419.68,-721240.07,194641.81,-371653.91,12.18,29650.63
-513322.56,-568975.72,994261.03,-706923.51,-435195.02,-787869.9,7.06,25149.61
256454.83,177022.84,-915767.21,-495409.07,621914.39,-310803.35,15.43,28680.98
554894.24,37266.49,-723008.19,164829.74,-5763.68,-262127.05,6.2,29515.66
492467.66,-34729.75,508535.51,-115577.96,-168619.9,-360863,950.35,33538.01
579841.03,-576000.79,79992.05,-725277.59,35641.57,-561727.09,7.62,31117.88
540194.01,692890.67,703924.17,-107466.69,-342098.71,202026.47,6.75,26560.88
282991.05,751565.58,-899803.5,-537264.04,870204.58,-795000.73,8.72,25666.48
-92773.48,625084.51,-533630.57,-263931.68,-71812.06,-600433.66,13.59,31019.19
82098.76,311179.1,927968.46,-292357.32,-192282.86,908404.4,12.01,28457.99
236508.02,-912953.52,38308.59,593088.55,32265.85,511771.79,7.02,29017.88
215776.06,-564228.22,-597685.06,984524.04,-329965.87,46395.1,17.15,30605.52
-223395.47,-770352.52,741685.31,269548.72,-167201.44,-770805.69,12.93,26981.92
200218.88,-830928.88,-235128.13,638503.21,-767848.17,836474.85,24.95,29970
59363.47,-210306.16,-14080.27,-269800.75,83612.8,-250171.62,746.02,60337.23
-529698.91,-377423.65,123078.76,-103269.41,410521.52,63325.41,920.66,34703.56
927725.2,864667.43,38469.75,890597.79,172474.24,144075.11,8.21,25020.02
224654.98,-819409.39,-432513.23,409604.13,205570.38,988190.72,5,28860.74
-674021.13,-351833.57,-384386.91,-539103.85,-121524.63,-455543.34,0.04,29215.84
-257664.33,455707.9,-424346.57,-81971.19,-116984.45,-228558.91,920.79,34394.7
-563306.03,943054.57,601576.52,298780.45,977182.41,-901320.26,3.03,25140.08
-46542.56,81059.49,-212649.03,493384.63,-49695.94,54658.98,804.35,58583.31
-703467.67,598132.96,-248034.54,881688.19,538292.28,987542.35,17.06,28850.83
424975.23,317592.04,102193.52,-293584.22,-449265.73,-28797.15,689.38,38412.57
189450.16,973904.71,-207211.04,753262.47,190812.43,-327718.75,6.81,27998.27
-608881.95,602164.74,233833.9,-136310.57,-692034.16,-494519.72,3.92,29904.09
-652809.04,-900135.98,771577.08,227369.49,-221974.78,814447.69,22.09,24245.21
-97137.47,-206472.94,-72203.25,-81674.85,732266.51,-128363.07,907.17,57714.37
12538.31,-937278.14,-913798.59,-529534.4,-239412.51,-105840.05,8.93,24633.09
539199.32,-647628.94,149236.9,-430186.02,268293.9,-439277.27,2.91,30444.57
652637.79,-867474.87,95880.21,194660.48,-817232.86,-624756.04,25.77,27026.59
127764.16,-56761.76,218749.39,-61593.55,-143376.84,182612.38,458.42,55414.77
978172.6,706231.3,-249430.44,482807.91,697829.14,-463059.5,14.7,25406.92
-791387.99,-77082.34,-509527.99,-244773.7,-573513.8,483569.44,4.76,28996.81
-61664.49,957131.21,-686476.89,-661973.24,313714.42,-40124.26,6.93,25948.03
-968655.61,996317.7,-82195.62,714207.86,-509657.31,-999860.9,18.05,23902.41
-159605.86,253193.11,452953.99,-86885.15,-256499.83,239032.72,889.44,38319.81
29564.64,-261278.84,-104744.48,243629.07,382735.1,-222605.07,933.25,53071.37
887825.38,-888977.6,888786.25,-782947.25,62850.45,345133.84,15.36,22726.18
-576591.48,66892.35,-575992.97,284768.29,-805733.74,-301410.45,13.79,31196.81
-905642.43,490868.3,-985633.57,-138735.18,-183113.63,572323.93,8.42,23598.44
-280372.31,250447.87,744045.28,63010.39,157951.09,152236.74,8.6,30887.76
-188778.57,882794.77,77720.73,222355.37,366756.56,916956.93,4.33,29601.91
-517582.63,195530.98,309103.89,110612.68,-443145.53,161718.44,949.46,35466.58
-769633.76,251815.74,-846291.17,-662805.29,821225.09,50734.41,6.77,26037.88
-63613.49,-366073.61,176492.97,-230049.77,552969.39,-427556.92,827.24,44023.19
231837.36,518264.59,307039.43,210802.9,-42520.93,742104.53,7.38,35108.37
-272740.32,-241368.59,-753255.8,732431.66,898313,315253.24,8.61,30831.22
688996.95,-466407.22,-754748.72,-866145.96,568032.66,-985467.22,28.77,26620.74
-819163.08,478736.38,-534116.96,623843.87,212390.76,-897883.59,0.74,26844.51
-597406.46,-907367.65,-604121.66,-535835.95,531209.99,-779245.22,12.41,25289.64
666904.99,54073.06,-217528.46,-275748.88,-61210.69,-287226.33,977.29,33661.56
507980.66,131198.23,-395385.07,-93554.03,-29325.94,-242121.37,895.12,34835.3
-573721.92,951849.2,144116.99,-578006.58,71803.62,584362.34,20.78,26647.71
-50161.49,717817.92,756211.49,432716.32,521634.71,-175576.23,4.03,27567.8
-189220.48,672814.32,-103797.78,31623.19,-155238.75,71650.07,890.1,33589.64
825844.01,-991110.51,-129845.32,384117.8,-341635.06,200527.1,3.65,24715.59
112742.42,108574.05,594704.68,-63080.11,82768.25,97250.5,828.11,36005.09
208779.58,316104.07,-712720.49,173762.2,846851.56,-459619.35,7.87,31389.42
-428880.34,650451.05,-161896.66,490277.48,-303566.12,282263.46,950.19,31651.61
-26502.13,766992.54,521793.02,-424083.71,-343848.38,530461.45,9.66,29273.56
-908363.04,146030.1,-785008.21,122981.28,-212973.15,-647191.65,8.83,25631.12
275819.97,-830424.78,-486425.56,899106.91,-516875.05,-44218.59,6.82,28172.06
219683.86,-884611.01,-685510.56,-747707.79,942531.87,870158.37,17.42,26411.98
-574154.39,-619725.33,912538.95,914907.02,248441.09,598913.81,24.46,25297.11
-828375.99,138101.73,-137504.55,-919398.86,-995268.89,-895388.65,26.66,30589.76
-941592.58,963212.74,974224.41,255104.12,508806.42,-529875.66,4.3,21817.08
-15676.12,-453480.04,-208231.12,230640.36,301282.31,4252.73,936.14,39960.11
-27473.22,-83286.53,-360460.24,-40097.58,-3606.27,341626.08,451.09,46356.78
141732.37,-772020.58,-237032.22,971044.43,-858360.05,-145358.5,19.84,31160.7
305569.67,97225.29,418155.95,115299.59,106484.19,18474.67,731.62,38895.57
116583.77,-59409.27,576641.87,-409156.95,372722.29,-492495.99,932.3,36718.25
823137.18,888787.39,-104821.78,232709.52,-475930.52,-183938.83,15.47,25575.58
736698.18,559908.15,856176.37,65799.19,198600.56,32092.06,13.76,25114.25
-90252.44,333510.3,-390499.17,414260.22,-900282.82,711740.97,0.68,38944.83
124000.99,-146110.66,-114786.85,169428.74,365319.09,-173315.77,505.36,59739.12
17528.23,655600.48,281203.64,802828.48,43116.73,750241.77,10.36,33394.63
-475721.5,-472128.42,-492772.61,127380.5,665676,-534762.13,5.08,30904.82
839221.58,383091.27,3057.61,-262911,878888.28,-153380.06,4.79,29339.85
781899.13,829439.53,-417103.23,397320.96,-663095.66,-685807.41,0.24,25144.73
922352.41,-789369.14,-41584.72,-171321.55,668906.77,477271.16,4.37,25548.92
-392108.07,291552.18,719137.58,-112966.68,672671.29,899171.94,4.36,30222.27
212203.54,403695.15,-470540.05,-428855.2,-77156.14,551531.21,917.09,34879.4
956601.1,937577.87,-150364.22,124913.42,447653.69,-487488.1,24.6,24296.87
-373634.59,-517911.83,753363.7,332556.44,-77252.76,-434880.91,2.31,28316.02
27418.32,-638186.85,74400.25,-16801.41,333865.89,65043.34,864.87,35208.63
877635.75,-690674.52,-971525.53,-480909.2,-943675.94,-756177.78,25.52,23183.4
306472.2,40822.2,-283574.85,-525217.68,761440.48,975255.37,8.35,43565.19
230889.44,832345.44,-867633.52,-903007.37,882033.66,956704.37,3.93,25443.38
-964523.46,-901286.76,762798.17,614391.37,72703.18,134571.63,8.26,22816.1
-660553.2,-719095.35,96084.13,393908.39,-769543.45,-512207.82,11.37,28471.89
-831669.42,694838.8,939031.32,295465.03,104991.89,954272.16,5.72,23515.75
-318979.88,-63048.42,240713.21,-61838.7,39981.07,-488644.96,950.73,44391.07
-1978.68,-40417.97,-900413.94,-424698.38,995476.99,753548.87,11.04,29708.17
836371.35,240422.18,597475.19,992729.56,609211.72,-330.61,17.25,27455.35
517840.06,246567.38,936090.28,-275121.77,-678861.45,976831.06,22.31,26925.33
135416.82,-337036.49,-90114.77,44288.3,64284.23,503538.82,743.87,46154.42
716508.16,141202.98,452906.24,804778.84,-111890.1,23291.37,16.15,30433.94
-78333.62,-876717.35,77169,-396865.34,-619808.59,976110.9,8.12,29998.3
-305803.8,370510.02,934111.05,-346768.67,176129.02,367031.47,13.88,27519.28
-457339.56,-400778.7,-502527.54,-994485.89,950450.64,926485.99,20.08,31769.21
58330.22,22133.21,-491451.77,-299481.33,408756.56,428573.12,891.7,40115.27
-626562.73,475988.02,58039.4,-686506.32,-130005.53,-445875.47,12.89,31759.77
-836405.12,668783.29,683944.21,603699.23,375628.55,-68998.49,2.87,24954.26
976961.88,624180.13,487944.01,-594817.9,-979500.2,-254228.73,3.14,25087.67
194228.01,-327464.04,80479.22,-87625.97,281353.58,-299566.31,519.9,45261.62
225707.92,974856.33,315401.63,818960.42,-796217.06,-310925.01,11.1,27530.71
-152323.1,460241.39,127606.08,18711.3,-707802.94,88834.87,881.55,39878.1
-80933.09,-524454.38,231668.54,-130490.71,224919.39,331664.38,971.71,37105.34
92034.46,210317.98,16036.08,-161246.3,273863.67,-178617.75,928.24,58856.61
-830486.6,-135898.96,-934883.88,682133.49,-984247.69,-592728.71,5.64,25115.81
182331.95,-321829.37,-27423.89,684535.61,-537245.99,-649666.71,3.88,46319.71
-103120.78,403400.04,247484.64,167816.64,-194363.68,-107107.08,705.52,40569.28
-288862.24,416758.01,-74399.27,-295185.51,-125775.3,411576.58,977.54,39439.9
52941.43,242034.97,996106,810483.88,940410.81,-760671.38,9.3,27830.2
923582.5,823585.65,-846222.73,6982.69,221969.87,829824.34,9.51,23014.65
-620346.8,-880695.68,939792.34,434247.14,363436.11,721250.65,15.74,23582.81
-82852.08,-66439.17,-277290.16,-49636.59,646204.28,439608.35,965.3,51815.14
187592.69,358893.02,544088.15,18545.03,-144930.97,-326504.47,699.42,34283.99
-610758.86,-385633.47,-818199.33,-570464.44,140935.22,9848.38,0.41,26706.07
-499180.5,-100078.8,597420.31,345687.26,214536.23,-363999.09,915.46,31869.32
-600207.48,592276.55,-663078.45,-48696.64,771248.36,428785.59,0.63,27025.76
-333138.7,-993244.56,377524.07,748938.78,-939427.8,170452.26,26.81,26736.54
974430.73,204618.28,-191297.56,581617.02,899825.89,-854605.45,3.35,27965.47
844378.49,-394170.31,-767261.63,-641869.32,936782.07,217100.94,0.23,25199.55
-255524.52,223513.36,-303460.51,118748.65,-198095.36,640876.07,3.01,41788
488893.84,-920138.46,-317317.42,976135.24,-558704.02,-884839.33,10.07,27016.46
276272.29,548897.64,-988413.35,650978.98,834070.92,368891.33,21.33,26148.32
564572.64,-297111.39,-675240.81,814683.5,622313.9,-178096.98,4.9,29238.56
478558.01,-775708.81,580848.35,719478.56,-750446.44,-82065.11,2.13,27053.66
457660.78,238678.23,13311.6,-77006.98,145460.9,24403.08,789.62,39293.59
343524.11,220475.33,520440.74,-85328.03,-355138.86,-344986.33,970.79,34717.42
-966371.78,443141.64,924568.53,-839381.3,806114.55,641521.55,23.02,23762.48
-438793.35,-880422.58,-769123.99,212535.97,-226601.7,-398872.45,15.98,25237.68
-406634,224613.45,265399.88,626269.46,-149418.93,-167406.66,835.42,38601.46
114210.84,63450.19,696150.83,-198821.11,-162824.77,31076.3,977.97,33548.76
-140972.53,-593928.72,-484331.61,167202.86,302830.19,181526.52,783.82,31985.58
-292046.88,-218386.17,791310.74,-236258.3,475888.16,264706.11,3.44,30179.75
-137250.35,-866281.44,990773.48,-408520.06,844033.04,-904918.68,10.95,24506.25
722596.07,-184529.59,-685829.23,-256499.38,228028.52,873895.81,7.66,28007
328632.29,-464422.68,210017.86,-466344.65,544293.23,-434735.36,955.94,36256.41
905990.23,-722430.61,-405190.27,42764.63,629944.11,-999867.4,27.95,25463.59
79465.99,737625,573817.03,-283932.76,-344470.54,932179.43,15.67,29128.52
483407,-186676.83,140585.43,-635839.47,-889287.21,-16841.68,12.39,38509.41
-849782.86,-832609.47,808471.22,-487797.59,354005.12,201195.79,17.75,23512.57
-986844.76,101064.11,-326813.81,-731722.33,-442856.46,974056.32,19.99,27604.16
-270272.92,-124868.87,357894.72,-943510.29,-939981,-341180.51,19.78,41365.79
534610.14,-84236.71,871951.88,-423430.81,640909.41,395924.76,18.03,27846.58
801800.62,-489983.04,651982.4,903824.36,155767.28,781902.41,31.49,26383.53
91275.16,-446409.58,192632.92,523144.11,223603.44,-635847.41,1.23,40041.12
-360920.96,291297.77,351232.07,-3091.42,-32487.31,95743.37,721.17,37017.11
212022.59,800446.23,-102390.1,222463.08,597017.06,-733297.95,6.55,30867.01
956921.79,432687.99,-375818.59,444437.54,273325.47,-492745.78,0.07,25729.04
128022.68,83007.95,22682.97,-524149.46,-359963.31,-496873.79,874.87,71889.38
-905336.34,-369276.15,35851.19,164680.49,998804.77,-881452.56,17.8,28520.33
-808110.56,-692708.08,413121.26,-32346.96,897151.63,820590.47,1.23,26267.88
369773.02,109391.6,474265.65,-116659.25,52307,-93276.15,983.59,36114.07
256701.29,-351871.49,-281625.27,92802.79,-6357.3,407061.35,741.62,39204.81
741144.12,675083.15,730791.74,-229642.22,565068.64,752641.04,22.64,25326.15
978527.45,30368.6,-501088.28,-843111.56,-846923,172754.34,17.08,26896.96
737069.03,379330.55,976334.52,-625503.64,404410.33,819074.93,19.58,24922.6
675453.43,-408281.56,-780095.41,-904503.59,-77925.19,-451869.95,7.8,26757.81
497106.07,-492241.35,639625.13,98222.19,-512338.28,-244749.74,14.34,28972.56
-139116.77,-444584.41,-197927.83,-44396.55,109321.06,-171992.65,821.86,39686.95
-17706.39,-744551.83,812259.32,-601905.29,258867.38,-40327.13,6.44,26845.43
49817.22,-328286.89,520616.34,-427793.83,394086.94,-82915.73,990.23,35931.13
901200.94,605311.06,-765225.34,-888563.37,705012.8,-440176.33,4.23,24425.37
760133.71,-668535.47,-396473.23,884304.48,-955896.83,271416.83,4.06,27010.62
-559143.34,125324.67,233792.27,377051.09,-168246.16,-440020.14,789.17,35890.96
788786.93,-937413.56,970756.75,883752.73,-881734.19,172495.54,32.45,22562.88
185729.93,-421764.52,80570.03,560683.88,700927.17,788452.45,0.88,41154.75
120692.36,-193981.97,-78731.63,-458615.08,-445569.9,94339.29,858.3,57437.07
37884.07,2306.15,-130224.81,-550166,-680841.61,-750930.93,6.58,76645.37
-143950.85,-891294.55,-9604.07,712435.06,-302617.7,-639736.31,11.64,29683.35
-318805.32,-774310.65,497473.73,495261.01,643641.5,-684195.23,1.42,28478.31
482679.49,-220095.35,179402.52,-161755.15,-141463.37,-289431.14,896.03,37730.25
-584674.36,-227147.08,-146956.96,315281.4,302735.94,-198393.45,949.42,35177.48
-725508.9,346495.79,462312.8,-389597.08,858417.06,36172.8,12,29287.65
-117911.06,-719196.8,-146124.57,-323516.77,118557.23,-29018.55,6.1,32706.02
-893497.07,-100035.11,-472883.51,-776177.05,663560.37,765653.42,3.52,27940.7
-339582.52,-195503.32,-90886.79,546730.8,682595.91,240897.41,995.42,44518.65
378092.12,-218511,-180050.25,319607.37,168427.28,-240971.66,957.36,41082.01
-150315.62,457845.44,-841843.15,895003.14,-281556.33,-688410.53,13.88,28639.4
-791453.04,260234.88,-140900.35,163170.7,-290573.15,374516.59,9.85,30682.46
-757663.87,-503229.04,307149.58,471879.83,-772368.94,-625563.71,11.13,28783.84
-89051.82,88535.08,-655874.38,43947.96,968103.53,608692.76,16.05,34529.87
-969252.87,949389.65,-654632.78,986645.27,-414718.9,895924.73,1.26,22828.16
-898492.6,41891.22,374126.18,791319.1,-749988.85,626744.57,16.87,28581.48
-98546.8,-705618.43,-49777.26,496516.35,645424.36,-623686.47,9.97,33379.23
114143.54,14553.33,-444807.53,-68447.95,301407.89,511366.78,877.19,41654.94
195532.92,499396.82,541472.14,-288159.27,849868.12,811042.37,10.11,32311.24
-398473.49,-108215.73,213203.84,326250.87,-213714.41,-474110.35,794.39,41418.92
473234.17,660592.47,613375.03,591255.72,-488534.33,388612.72,6.46,27933.76
709643.48,-986185.63,-545090.67,620045.66,-929780.72,-277764.62,16.64,24437.89
-96377.77,-223252.67,519447.51,-35438.23,9698.1,-417265.94,719.99,37282.23
-466821.62,-867662.81,963204.68,759486.93,-272366.39,746587.29,9.83,24010.8
-433513.08,-841616.32,-923353.88,475728.81,-555595.51,-960506.44,2.56,24449.75
93592.88,668091.71,581937.69,415865.84,-150885.1,218564.1,8.56,29875.41
36354.49,-191257.16,770472.24,-80839.49,66308.33,585691.7,11.89,31644.13
-424109.69,-429061.25,-520461.99,288220.4,-1447.91,157355.12,924.99,31631.55
-312214.28,61154.81,577436.88,465604.26,-91942.52,-605849.73,954.82,34773.72
-657825.14,-691522.05,-321112.86,207364.6,-932192.43,667938.92,25.04,28116.83
-705354.03,356399.06,-674597.77,-567564.97,720066.81,-353257.03,13.81,27669.48
-183193.72,760080.55,321179.89,-501918.73,-707394.7,400110.24,5.41,30661.01
-919078.12,925831.64,581822.98,42584.62,337064.57,961207.66,31.42,23604.06
-455107.59,-580491.24,448766.43,153921.44,-137248.88,-197926.57,3.43,30317.66
-15572.04,429265.2,-971700.21,339042.98,238957.09,-517056.68,8.3,27350.84
437950.07,911680.02,601449.87,467820.66,-79085.32,-46275.76,16.77,26000.56
708599.18,-57482.73,265839.17,-725219.97,10880.01,-20069.18,992.29,32408.93
822853.94,-2186.62,-666951.55,88482.24,9127.59,-536653.48,14.02,27404.7
-74087.74,-224367.19,74540.32,-197943.63,242504.66,-567516.92,882.43,56724.11
-744780.53,507001.87,-861282.07,-169017.41,-134992.75,814589.66,11.42,25253.39
-291982.23,714072.98,-136425.02,-369803.6,724412.09,-551299.9,16.16,31876.31
935166.31,-921025.85,531913.52,565563.47,790580.36,-792158.71,23.32,23701.07
869709.47,-940913.64,320952.46,330088.93,915478.35,-355992.61,23.36,24543.5
-984727.62,779433.73,284409.41,-709284.26,-768215.1,-685041.71,29.52,24861.93
-664527.02,-541232.86,-499283.34,-860585.88,679585.81,-606613.09,13.45,28320.74
-560332.58,-498888.22,510439.01,-999191.99,427498.12,-758132.28,1.2,29498.54
590666.12,-9900.21,-998160.08,226413.05,-381215.44,972332.73,8.86,26174.67
-653988.06,977272.66,-748401.98,-805853.46,721250.82,302015,19.44,23887.85
243412.41,-99387.81,104666.57,-115309.12,12125.06,370203.34,726.2,53076.28
-929632.84,-154212.13,-41052.14,-615981.43,-21530.05,509081.99,11.64,29040.39
992646.93,-567759.79,-739120.69,769194.26,-919996.86,-335653.65,23.17,24172.72
-231200.95,-529942.12,-451940.12,131165.72,13754.95,-101732.07,865.13,32959.61
83300.18,-109906.03,-53008.13,-66572.21,-100442.38,250810.23,912.44,73456.49
-351656.08,435020.74,-262275.63,149681.45,-453716.52,-26420.6,742.64,35921.8
-350893.01,-638109.02,148973.83,-608073.9,-562263.31,-341747.6,17.11,32727.47
298019.61,160572.19,-221870.68,-475242.86,-64182.72,274960.52,725.15,44380.28
76882.19,608354.39,-268208.8,513208,846609.11,925102.59,4.77,34464.38
-460615.82,-164550.42,-746949.55,-326000.94,296704.16,945923.18,1.38,29753.06
-740518.05,961580.31,-205794.34,-795449.77,683697.75,930049.37,30.08,25428.92
-572006.27,728332.44,785177.32,146245.88,-39888.45,574657.64,10.38,25585.3
270168.13,-800053.48,-60370.91,-157202.96,-248805.45,-674096.18,15.17,30661.33
564833.02,898998.6,-839339.54,-899984.57,520491.76,546466.67,4.28,24196.04
346239.15,-16475.85,374906.55,-544715.43,296461.73,-316083.91,779.47,39513.7
975036.17,828210.05,424500.26,-413900.82,478709.99,807329.33,22.99,24295.54
-444660.79,-665804.92,900052.26,-384688.11,-952676.74,254729.3,13.42,25692.7
592408.28,242418.55,936276.98,172746.03,597047.68,-428655.25,10.89,26475.96
58470.16,-191512.97,472652.16,-269313.03,255615.72,-261131.06,589.57,39408.8
-26536.47,444801.03,23074.17,-876692.82,-944591.61,432981.45,7.52,42240.16
223131.9,-319188.63,-988275.2,510744.92,-376059.55,-845334.26,17.41,27369.41
-553076.91,-221072.49,676726.45,-90837.53,771221.5,-78041.93,11.33,29705.57
96.98,-316125.64,-188470.23,-143011.73,-171486.06,488449.41,929.1,46540.96
406365.34,562573.68,-940518.72,628228.53,-908381.43,-666787.67,11.66,26080.78
-94171.24,384940.5,-255706.2,285131.52,-75484.75,-412631.61,982.07,41113.63
-516137.34,59595.37,-883433.23,-976383.88,-520223.78,903088,21,27867.53
-473496.55,908573.35,31276.1,-695929.14,668652.84,-461037.8,11.08,27853.85
-46893.99,803853.17,280401.69,96589.82,458505.93,-614614.92,8.18,30539.32
460900.71,-441114.7,-230087.48,599512.85,-826161.35,-545840.21,11.3,34257.8
189347.66,404200.35,-132485.41,-342402.79,112141.05,-232069.13,910.45,41378.95
948765.57,799248,823747.24,802644.68,-532283.58,185680.71,4.75,23065.32
-999285.94,-822986.7,465766.03,-684323.04,-257022.77,913100.31,2.65,23969.15
-799194.77,-903067.28,-550445.34,677149.07,-363153.86,436019.74,19.83,24496.89
669065.39,-116838.32,792170.5,128745.51,211563,-608674.92,5.18,27583.26
-579405.59,-491940.35,743175.16,185958.96,967678.53,-474234.86,15.54,27357.27
874045.1,-834623.83,137761.84,-860689.45,-357746.67,-56028,15.35,25570.91
-368261.78,469828.52,623288.74,637385.08,73118.08,-832920.94,4.64,30336.71
170734.54,-83697.25,-533066.35,-214909.98,-234645.92,988751.97,10.9,37505.36
976469.33,862425.1,-672330.09,562095.94,-348919.14,999785.6,20.31,23291.8
-395841.85,618048.99,-870742.98,-534214.83,600418.61,935240.66,24.83,26437.21
283455.62,-30851.34,-223874.26,-608476.3,-115439.46,69083.32,985.63,46894.39
-69620.55,-291127.06,-421465.67,68603.64,112773.59,-50079.78,900.53,39270.11
-695991.4,-489923.74,-507043.66,997036.34,964355.79,-751627.6,22.75,28345.98
644663.98,-801884.5,919758.73,-282437.36,-55102.72,412455.53,14.6,24001.61
-789333.57,-384393.31,506705.52,-650138.21,716117.47,849488.54,3.07,27963.72
-758828.1,673803.16,-523559.93,947125.81,501074.17,-215093.93,23.05,26400.15
63132.75,-105967.62,-298504.49,-184039.26,79848.34,575170.28,0.27,49453.65
-152666.43,225284.77,-346823.6,262130.75,469897.65,-32987.05,922.43,42524.71
-302177.68,604209.7,-938288.16,-524454.43,-577478,-731356.35,20.41,26234.44
771057.31,-898395.5,866037.4,600936.79,-762809.51,352958.82,21.79,23286.61
-538934.53,-215136.98,-376341.53,831250.37,-996404.82,594264.2,13.55,33925.83
492764.61,-620194.85,533724.27,580804.05,60691.6,94990.44,8.06,28849.31
337421.65,-2434.12,123199.91,-806786.23,953239.56,-432256.52,3.16,47062.54
924834.26,-86031.04,536175.87,563204.8,-178145.7,128128.43,6.39,27213.72
100822.64,52564.01,68534.06,47934.51,149010.76,355369.39,685.5,77491.05
621959.04,291373.39,-284545.24,398060.63,-573632.93,229854.75,1.62,32641.86
667395.06,837995.4,-426668.22,413975.49,352447.32,964231.46,2.6,26198.17
-114473.43,-721669.14,254987.67,992060.83,-575700.39,436416.49,5.27,32046.59
-396602.87,637595.26,-505876.77,-595187.56,737655.46,872473.94,20.45,29652.03
-174371.49,309755.57,-757594.79,120573.63,540603.25,475254.71,6.86,30822.33
-231330.92,-579160.12,-854058.39,-351344.4,472126.6,269296.77,1.07,27291.71
-217115.14,-432071.2,-822816.89,-530757.09,427531.73,-494673.62,5.5,28849.18
344000.08,-437867.14,-435416.89,-336613.96,373953.41,385996.97,745.03,33583.06
979125.56,-468916.04,-977605.29,291930.78,814615.94,-825870.92,36.68,23341.6
-832379.86,-914890.15,10610.98,-889207.93,-825136.45,958242.32,19.23,25361.1
390484.59,-425319.55,-573084.14,165350.84,605972.98,-425100.66,14.33,31278.6
647509.35,-782369.13,607273.91,-269300.16,-348505.8,-334233.78,9.02,25914.17
-143321.47,917127.52,196130.45,-803357.82,304348.5,-602371.95,13.29,28958.25
-332873.51,-887302.63,221789.5,-823303.28,852931.44,-693101.39,21.41,28598.1
324040.51,-530732.38,-93692.28,-899803.09,-247441.09,-130553.53,5.36,35561.54
-556782.13,-216694.54,-204458.88,67448.18,157341.56,25892.02,854.26,35530.94
-210291.28,-401905.49,945232.35,-686610.35,-900592.24,-896099.82,5.09,27516.99
-426296.14,91111.14,-446573.64,297286.91,-180241.5,-16902.27,773.83,35741.4
618789.31,927066.31,486750.38,596614.42,-751897.35,421425.85,16.6,25573.52
457442.02,330476.95,-853448.96,-783294.81,74833.29,-639104.7,7.07,27867.55
-458376.55,-9337.12,-799015.65,414629.41,-919685.09,53010.45,16.29,29392.5
205600.04,-308304.54,-213240.21,220556.32,424618.94,-150102.58,899.73,43181.21
654500.53,-38581.4,-979470.69,-505563.34,102605.78,-926561.69,16.13,25978.6
635942.31,901491.87,850573.6,100019.76,363514.49,682405.59,6.08,23862.91
420595.81,-744973.01,-234019.49,-898524.08,550375.91,339394.82,10.09,29946.74
170737.96,360708.91,-3173.71,15521.72,-90900.34,-134581.34,832.59,44694.08
539768.32,16659.9,-685041.63,-114660.83,349558.73,-686348.01,15.92,30206.2
-900595.15,-817138.53,-700435.58,-881393.08,-752591.47,-848883.52,0.34,23420.99
-24314.35,-999525.33,409092.37,456180.48,-477354.71,809718.6,12.03,27132.31
181207.69,-849991.3,-713571.7,-807254.08,593266.05,-988574.92,24.25,26604.7
775491.38,-756549.24,398552.03,-591494.27,796577.49,881818.84,22.59,26256.54
-24839.48,120987.51,777718.58,-663495.25,898061.25,377913.47,12.21,31789.69
78714.4,408426.75,20693.57,-371654.31,-13072.3,-475886.19,895.68,43752.25
-699950.82,-703939.59,-914853.7,-745834.05,-526416.18,993109.88,19.81,24274.34
556345.27,-148607.46,138955.4,-698191.88,66319.06,79411.09,906.81,36684.82
335808.61,-886206.25,660910.44,-810561.26,-201039.85,-924392.43,14.56,26237.39
-365620.53,-998697.11,-649281.44,-233078.09,323541.5,-357582.79,16.83,25265.5
227978.6,-947116.99,-44892.45,-723171.49,-434086.8,-556877.78,5.71,28539.79
-758383.86,882695.41,-877937.97,885974.37,968922.88,844256.96,5.57,23320.85
-683216.7,789576.01,-763039.67,-797960.79,819205.13,576949.32,8.2,24781.48
810218.62,-997374.61,-694044.58,9647.24,-685649.91,-973232.5,37.72,23345.7
71711.24,-489080.87,-692069.58,-451505.4,-869953.81,279471.3,2.21,30525.5
781436.55,-818056.92,430428.44,410792.66,664169.03,-713826.61,19.01,25637.62
809288.62,755871.84,-765241.16,26817.4,-896669.7,519176.61,18.11,24307.98
790560.98,-122966.45,521441.26,-547034.96,353653.67,-72292.64,5.09,28837.19
668226.26,160201.95,408212.71,-860049.59,24393.04,102447.19,2.36,31497.39
373060.15,587363,-842812.78,83814.84,-659364.19,-968083.78,26.19,26987.85
-309233.07,-826371.24,165496.26,-660771.28,311039.42,-364384.82,14.6,29773.27
81585.39,109426.19,72034.75,-57679.72,152201.36,-439107.16,492.67,71870.84
871744.87,436841.82,278750.21,918071.97,362604.3,469306,16.95,28011.76
-578996.74,742391.64,-678288.28,-798456.62,-986986.36,360117.68,7.24,26162.97
-960528.08,940995.04,577287.3,717006.98,-121545.08,-503152.96,16.41,23309.28
-757239.09,-387795.07,-528011.77,-715649.53,859323.28,-630527.9,26.52,28197.67
519965.69,-766923.26,859307.44,-861466.75,327119.67,462581.58,22.8,25093.26
-850491.3,554245,-840193.94,-625084.59,442711.41,-631084.95,26.75,24574.76
-412363.05,280673.22,-521473.84,-719790.81,541624.57,446325.59,19.34,33217.56
-888528.66,239815.73,702539.23,-125885.46,789199.89,899919.48,3.45,26161.04
-672477.66,541528.56,465255.34,-841606.17,389501.88,-362404,0.1,27718.7
415293.83,568436.12,102794.17,-773801.11,-804672.12,767403.94,0.16,32996.46
-243118.31,-915842.32,866919.07,-292084.16,-738707.75,-236343.85,26.63,24893.18
-702269.8,-480643.79,-24262.89,-561951.45,751620.07,278192.55,11.43,30570.26
308822.45,-228628.63,-482065.92,14099.21,-165968.27,316745.88,920.84,35961
328593.3,-508188.15,416813.3,-246945.61,863764.39,-56833.54,0.98,32792.33
-30361.23,799737.68,-439523.01,206160.22,-327544.39,-490379.46,4.95,29493.32
-423170.78,-543308.26,507588.14,-865327.91,625141.39,439326.19,4.72,30471.04
-146226.47,-825537.26,289564.89,202920.55,-424642.31,897306.64,7.02,29936.63
-391335.87,-374185.88,122846.3,758328.32,785763.94,-633457.2,11.13,37867.93
-885422.67,-887930.63,418602.99,925103.59,876493.52,287535.55,12.25,24520.63
787603.88,-100684.52,-728100.48,875004.79,983243.34,-260009.57,27.38,27183.75
-665446.62,812534.96,108411.1,954439.35,336300.71,28712.24,13.68,27448.03
-860300.27,-438400.47,-936947.83,230065.12,884745.44,-967721.86,28.46,24321.03
252180.97,-409124.44,11039.35,-552687.15,43211.66,-174088.31,879.15,40722.64
-897702.24,-432071.1,-885828.49,284060.91,52442.42,-665250.2,0.95,24253.39
-567313.82,-425423.23,-673140.18,931575.26,-868554.8,455895.56,11.5,28522.11
860796.61,803034.41,604532,-614394.23,558999.91,85875,6.73,24489.96
512740.36,56791.08,111924.26,-562193.41,-93986.47,101316.16,839.91,38861.47
-541589.4,735664.47,505066.36,208739.39,754010.33,972436.74,19.81,27612.07
317186.06,737646.76,584523,173084.45,823106.29,930593.42,0.98,28162.68
20091.52,-749417.39,-12062.08,-315257.15,359129.26,249312.88,990.18,32607.6
781074.93,-799121.64,56584.47,447341.85,496690.74,-52534.06,6.86,26643.75
-576874.38,840009.69,416834.19,-45097.69,-991568.1,-268526.97,5.08,26849.45
174676.53,606562.3,69089.58,-8505.89,-324495.15,-178758.97,820.48,35432.8
-976145.58,575252.82,-552279.02,974537.3,709862.33,210507.53,21.01,25124.16
574301.81,-58252.1,-205238.25,-541496.3,31088.87,132948.86,550.47,36072.95
946464.88,-54727.15,-934835.7,942209.09,-358707.44,-512537.94,8.67,24423.72
-554163.85,688962.38,931976.09,776265.88,374662.09,384933.21,24.63,24888.56
887734.1,632990.48,457733.53,256896.58,205257.96,-80175.43,8.09,25919.75
914533.48,-24228.99,222087.52,563503.62,866445.78,523570.62,9.52,29063.75
463645.63,-948406.71,536641.57,768707.13,-438258.56,826146.1,32,25927.56
54578.53,193351.11,171717.28,17020.39,-36030.03,-252621.39,717.47,54921.54
-170769.82,286209.61,377649.89,148505.12,-9610.39,-646582.86,798.37,39783.87
-545024.09,-879873.6,-849229.6,497139.13,-812231.37,-954502.75,15.81,24371.21
-60557.43,43474.12,289995.36,369412.52,-547181.59,-319635.24,804.87,51599.11
-727955.45,614805.13,-777024.66,-610289.56,535275.88,892122.83,23.28,25440.85
550654.85,-262689.09,-346075.53,-145491.65,-140166.24,-48597.83,823.26,33712.96
-244560.62,105920.48,-287877.53,-220126.59,101925.67,-288947.86,845.91,45078.98
527979.24,568107.73,-817288.35,-871306.33,909174.85,496063.39,4.83,26537.68
285813.32,964405.53,-783205.18,512587.38,551784.08,316214.76,26.16,24985.41
-329190.25,-337597.73,658395.39,-406891.74,-463194.63,639281.75,17.83,31353.22
-967008.82,643513.64,-370272.43,-801807.9,860612.72,492963.42,0.02,23039.42
640633.53,-870330.02,-512297.91,974106.74,-103403.74,-715339.29,29.01,25798.75
-167994.35,700962.34,289902.9,151514.27,-165230.09,66928.27,905.37,32032.97
654842.75,-776124.8,-567541.77,-672091.67,668004.33,160063.05,4.82,26114.7
243786.81,-105107.69,271355.38,-735072.78,177423.07,-260978.74,903.25,45825.73
-95593.58,-569303.93,-496742.01,-372934.36,825791.33,-158800.26,13.84,32328.65
126967.72,-532033.97,961678.17,940046.79,-593715.86,669347.44,29.73,26825.11
456472.34,855609.06,840874.68,-396699.32,-968826.98,-843018.89,4.09,24847.59
-619672.79,703751.14,-423193.7,-270525.25,433884.64,819654.1,5.16,27780.45
338462.5,-61204.5,463209.64,802450.05,-69390.07,563908.6,4.79,37127.37
123907.08,-102986.55,342002.46,-218942.03,-414322,-596681.85,971.16,45920.69
-615975.08,-207641.11,486398.93,-754713.09,-807347.73,7728.38,3.29,31267.83
-953357.42,573458.34,-870460.6,391332.24,-755897.4,698403.68,8.28,23707.47
-668145.08,-958187.24,480835.54,-683467.3,-302271.65,-949928.34,3.94,25045.91
-667306.76,405010.8,-226532,170151.13,945712.16,344054.01,6.22,31273.25
-860038.6,548841.73,-403990.23,-966114.54,-707021.1,659946.97,16.42,26926.57
249367.44,179464.09,-489410.57,225640.99,12275.97,564863.21,895.63,37143.05
516251.46,-166091.39,310836.95,-377476.04,202332.15,-509437.83,889.54,35712.44
-467982.84,-950402.06,157102.89,864570.37,749847.81,144402.56,3.87,27213.05
-6285.29,913617.78,381209.1,-565543.16,731440.76,987727.32,15.08,28350.04
666334.85,690429.57,893616.61,-56563.52,712338.17,198658.29,13.09,24623.05
736687.21,-993954.31,632216.39,899768.58,-767271.74,611839.68,17.76,23924.87
-788550.6,-978352.36,493682.27,306448.09,409554.09,-238920.09,7.58,24249.55
-183493.91,403721.58,107768.94,224879.75,-156258.57,437804.3,988.39,41795.17
524373.05,-370914.39,454147.37,-126415.58,833257.6,258568.49,13.79,31808.66
525185.13,-922328.29,274581.47,255314.27,-854337.5,703366.45,17.67,26940.2
850220.52,-679964.11,706453.98,322245.23,-55589.19,-103468.46,16.12,24754.58
-208120.96,-844144.44,-248289.34,882435.51,304245.31,-932153.46,1.15,29547.96
-393420.4,792305.78,-712428.58,-194088.95,640472.83,156578.84,17.81,26466.77
-242112.41,-35118.18,-155888.95,50477.91,-361498.65,-290183.79,654.38,52422.52
636271.59,-890588.6,979154.62,-537089.32,-876759.57,132096.44,15.24,23265.9
29559.95,457853.26,11127.51,-34387.42,-400936.55,282385.18,723.23,41678.04
479547.26,-801587.93,-688629,404808.17,-20751.77,-640083.5,20.8,26186.04
630880.03,961429.67,902274.74,-589148.79,-365703.47,915920.21,27.77,23331.91
860274.08,612667.36,149412.09,599964.28,564790.08,475838.84,19.56,27314.52
241193.76,-50012.02,430658.62,-234139.48,210850.84,37467.57,966.11,40085.65
732167.71,448207.3,-888439.08,-361516.37,-399733.79,-113102.02,4.6,25335.15
105006.72,377866.37,349334.84,68610.06,-84472.79,-125176.14,715.72,38960.1
-942801.99,477355.05,511560.76,588166.75,-325336.96,-889832.13,7.03,26008.38
262262.14,-413201.31,409781.9,421242.75,-984577.09,434622.31,21.39,35322.83
-967878.23,-956422.15,961306.5,-759717.85,-711279.79,750641.25,44.45,21857.55
265025.65,-134953.24,-318927.76,-264582.99,266829.71,725428.17,922.38,42756.53
247007.88,-820244.51,206088.88,-496326.91,-958343.4,-424270.85,23.25,30060.78
389411.3,762904.97,-392497.92,912806.55,509398.65,-422088.08,3.69,29020.12
273979.69,676656.9,-384511.76,-197175.82,262452,-994809.4,0.1,30378.32
75171.65,-351068.4,314383.5,-152785.71,-233590.7,-111117.12,895.33,40872.14
90035.98,6614.13,18848.1,-30823.88,13027.3,-160689.53,425.88,92973.59
-78122.68,10292.61,49942.86,194184.31,180025.24,-633424.65,0.22,92298.82
2489.13,34490.98,-225450.08,-315502.64,-521996.45,-63481.42,795.53,59120.06
43204.2,643328.02,781366.17,-808497.32,604450.35,776567.17,25.91,28033.08
-917611.77,377483.03,-295288.99,216500.61,248141.24,-972191.77,4.28,27685.58
285263.9,794458.56,366930.89,853198.85,183117.85,876031.81,20.12,29408.32
-140334.45,833222.22,662487.42,541288.4,638851.99,980577.76,33.15,27231.64
236680.69,373976.46,-316711.39,199733.31,-150853.63,277389.72,932.41,38273.31
-136752.19,77740.54,-425646.15,62606.31,-468617.6,577456.85,858.86,41914.23
-309047.69,436057.32,534211.73,694216.43,760144.72,552432.47,21.91,32461.55
846222.56,580470.68,408974.52,-808206.59,364610.02,-507248.34,7.8,26819.1
-19724.78,-759786.8,167046.77,481345.35,72845.28,-643475.51,1.36,31886.42
458912.15,65202.19,795311.73,-519977.58,-985573.94,-588935.37,15.06,29402.01
-130771.71,147651.14,167558.55,-975106.32,-203330.38,-832115.05,1.64,55439.85
-266945.7,-274223.86,662170.01,30243.86,22212.38,-416225.32,888.12,32285.79
257160.8,-247206.27,337297.56,-888629.63,205803.81,-824623.53,0.63,40138.02
-117617.02,-333444.92,405947.54,-245069.7,141437.29,299606.38,7.95,38450.94
486844.07,-293738.87,-501634.54,-120417.13,149715.38,149781.75,798.75,32425.16
-353295.39,19866.91,239052.84,-309801.2,-835694.74,158863.91,8.17,43179.9
2838.07,924697.93,-739394.51,351409.28,-651265.97,154580.6,15.34,25919.14
255249.63,85125.21,675746.16,-726505.49,-799919.19,-205728.97,13.86,33081.8
140653.03,-557686.22,282133.03,990825.07,39024.55,-717616.62,3.17,35214.34
189148.08,5326.48,-134052.5,-31328.42,236907.5,578701.94,644.97,58632.59
-726759.64,848363.42,428113.35,894904.6,264507.88,358796.39,22.29,25791.2
926578.62,932747.35,-315687.4,-400529.95,-504093.95,881817.43,0.74,24043.66
-64716.97,-57367.65,510936.27,251623.7,142180.18,-725801.53,851.52,39222.55
15660.17,731153,-595861.89,-318163.16,321702.79,283762.55,11.86,29039.16
88453.34,-436909.85,-551676.34,839162.16,898761.64,-634002.18,17.46,33504.85
5623.52,352935.39,-765793.35,363297.72,-300449.8,108365.69,2.68,30667.95
-439602.49,-481816.98,827702.71,833745.91,329144.6,-579613.01,1.69,27383.34
337040.29,407887.15,-37963.83,-275846.01,-22890.84,101126.19,632.98,38766.08
115771.68,-57608.14,-120273.7,-292222.89,-587571.39,-386224.89,922.43,67187.63
-597436.07,376963.34,216715.31,215229.18,373591.22,271198.87,4.75,32795.43
199130.89,-53160.03,121237.57,-207082.88,372050.28,254663.14,714.59,57740.21
-59190.81,170549.97,209061.39,10231.96,-173054.56,-740463.43,885.22,53722.65
10234.54,-390752.77,-297265.1,-373768.3,358790.91,480400.89,910.14,40291.18
-498673.06,822680.28,657344.46,-690945.08,-840263.95,530464.6,4.97,26095.26
284241.19,923092.72,-356083.89,195425.41,223840.51,-877577.58,21.25,27806.36
-772592.52,98267.97,-949304.99,478630.35,626039.53,528310.82,3.89,25405.16
600399.49,568603.13,542192.88,-941451.83,-138825.76,989723.01,24.33,28374.14
-418013.89,-230471.89,6048.63,-221597.8,623009.77,912998.74,9.8,40839.91
-14587.41,181858.75,-481108.93,368333.14,41461.46,-25814.01,915.32,39361.93
-615856.9,-308282.37,803753.95,-260891.3,482756.03,-836256.81,17.49,27418.42
-445916.25,323055.49,-922989.34,789229.09,945090.32,-611131.77,31.88,27217.77
-62553.69,288362.75,-208608.14,-136862.53,-46444.43,619452.88,930.42,46969.21
212122.44,180483.27,424858.2,-105110.87,120144.17,167994.11,684.38,39614.13
-173348.24,-108556.16,-348939.78,98858.36,-263656.92,552503.86,976.36,44396.03
621019.08,-747762.78,388057.16,-355703.41,163673.42,888330.72,0.06,26521.89
-129740.93,-935664.43,-958664.93,268825.75,-168465.37,99194.4,12.61,24302.14
-363761.37,-151014.39,87465.92,183319.77,107086.4,377646.65,773.74,44451.53
147483.23,99944.66,-556015.54,346511.78,-752973.65,-302115.47,6.39,36914.15
-72173.46,111031.27,45394.52,-398310.86,-539014.91,-133851.61,878.08,75462.93
229288.72,200288.16,323937.88,184720.08,223353.27,-582693.56,911.83,42347.29
896809.21,217940.51,641855.75,-121.26,725952.19,257428.26,20.49,26606.21
194004,-7867.22,-403209.96,-140965.51,219381.6,612286.1,667.52,42206.37
-353086.75,531786.24,-64329.71,-165261.43,86899.84,102175.82,914.21,35250.58
-396829.98,-798696.98,-885045.71,-759813.75,3227.51,-105190.81,6.81,25136.71
-582315.57,346644.02,17596.02,-427835.2,465581.21,387836.88,8.41,34259.11
-50611.69,-31178.07,-21093.21,733683.07,341743.39,-231903.8,935.4,112422.5
338307.12,-814436.09,413829.98,870588.08,895088.95,-548046.16,6.48,28559.07
-172170.64,18118.78,-302798.36,-427048.02,323798.03,155698.81,929.74,47807.96
974394.64,-520505.98,-99843.09,570286.89,282226.5,-379100.69,6.11,26756.12
201209.24,-330880.34,-323095.62,-329754.08,71588.16,356586.76,849.66,39758
-784493.27,183788.04,-986664.68,-564351.51,-534503.47,-328346.93,10.07,24975.85
-759490.26,746076.14,175290.84,19830.57,703711.49,-567892.42,6.05,27129.48
342303.07,-191522.67,-110275.17,-43400.55,-111985.64,-139579.2,596.18,44233.41
349116.33,-89555.45,-38692.35,852021.64,479067.33,-391720.04,9.59,46873.68
-107566.28,824836.14,205814.49,856812.17,803577.49,-225353.03,11.88,30471.53
729668.63,37383.53,-680683.21,324623.67,578773.96,-656123.22,14.44,28226.78
311233.32,724683.6,-688424.16,689284.26,180984.37,295296.08,3.05,27513.87
-356701.71,-987817.47,-138990.04,850274.6,-697336.41,-519910.48,25.83,27412.03
-708338.5,826175.42,-272416.75,-426926.84,364193.1,-971877.14,14.63,26627.86
-456615.1,-246936.34,-274013.06,-752538.45,575299.3,274620.59,13.19,36829.67
482606.3,49142.03,402524.38,-76466.92,-819713.4,-765568.45,13.92,35539.43
860059.23,-868690.64,123500.95,142420.69,743863.7,-509844.18,9.06,25429.75
-194787.64,-239843.08,452653.94,441131.01,262498.96,-383471.01,983.95,38139.44
-518278.86,-913417.83,203185.29,-570723.23,411466.07,363787.01,9.04,27259.72
-446812.01,-70611.63,6014.64,270088.47,-419359.45,-446180.08,968.84,41978.39
-282044.65,-9377.38,-555901.15,110735.93,60715.82,-22702.29,975.58,35759.6
-635446.23,-590370.74,-797908.74,-754239.24,277787.5,-725554.05,14.07,25977
-527829.68,-423034.44,-124396.5,-412969.76,-609483.46,307252.84,12.83,34020.24
20456.58,-317515.51,190204.39,-933820.66,745565.78,571801.52,10.87,46353.58
300146.65,92285.43,-152938.26,-239625.35,448513.85,-167983.31,728.95,47774.96
651156.56,54216.74,-823300.62,905552.65,-947931.92,882163.73,28.35,27521.7
-897700.66,-996794.01,351697.49,610955.15,-943830.65,16655.9,28.71,23955.2
17063.88,505773.35,-147867.99,-41741.32,140840.53,251980.75,877.31,38885.64
622403.23,-457868.2,708916.32,500230.03,-767385.98,-224635.03,9.06,27533.1
-437556.17,658212.12,-754608.8,-682978.75,-212545.01,226591.04,8.54,26967.93
-105035.51,-514196.37,-344939.33,137063.95,487173.78,157145.29,828.35,35628.57
638788.09,162520.84,920808.53,631828.73,274746.69,-940298.48,14.3,26502.54
-339600.36,783495.46,551110.97,-872265.9,-884892.08,-498592.23,12.39,27975.59
-923231.81,-618378.58,950508.42,-178246.64,-553143.39,-142522.04,8.23,23299.52
231614.47,445209.12,142638.46,134483.7,-331854.44,-130334.56,984.33,39089.73
79701.57,-171154.53,198404.22,-646858.13,-36157.07,-187871.89,862.69,53951.63
-212334.78,-698021.85,137056.84,-268763.38,208541.63,401213.41,6.45,32728.35
-192803.92,362422.27,-870155.56,-675636.88,327708.67,-972522.58,9.09,28747.4
904198.25,-952776.95,530175.61,635830.84,-63098.69,-935133.14,1.24,23550.38
283377.2,-61327.05,-207345.76,85789.65,-150114.89,519701.71,830.04,47291.88
974447.67,98071.41,-644715.22,-882817.71,-793623.91,405774.25,10.74,26037.67
776264.67,-243267.34,-252572.78,982643.9,707344.02,318527,6.51,30548.3
-386427.91,-656908.21,54640.31,-193606.8,107742.31,132119.46,1.74,32199.3
104043,255732.62,734544.7,-537461.23,-592387.49,321983.31,6.83,31832.21
829918.03,-864087.61,-968297.24,314312.83,-713835.26,-405193.42,24.95,22724.52
166018.01,-59549.52,-225886.6,-513282.77,436894.51,517032.27,2.33,52690.81
139544.44,-108123.14,-239247.87,-600931.82,-313325.94,-79812.09,945.27,51780.77
-920364.89,396828.64,-862821.84,-791920.04,72882.95,-822779.1,18.07,24524.04
-495421.98,709557.69,-500756.41,87651.55,-30392.42,629144.73,2.66,28149.79
156924.13,-904357.04,828575.95,-786538.84,381901.66,-971489.41,18.02,25363.98
-395327.37,952037.49,847681.42,789115.14,956337.19,483176.34,20.17,24414.11
496750.47,747451.67,-320670.37,901683.63,-856532.84,-940012.39,17.15,28897.54
878447.16,68214.36,101711.89,373441.78,-511208.7,-363085.96,4.72,29924.36
-910516.05,-552048.58,-219425.65,-204903.17,125112.33,975381.08,4.6,27016.09
733905.21,-922581.29,196777.02,-656408.4,-156083.33,-523102.86,17.45,25799.25
170530.24,-226877.3,-844102.48,-547105.5,-314332.14,-405100.1,2.96,29843.18
-329238.69,-387633.24,91160.18,-329555.61,412538.96,-114577.94,952.43,39279.97
-820857.49,-384291.76,911108.52,-65279.24,981266.62,-517451.31,17.67,24878.25
-701480.91,938984.8,-920172.94,283249.22,-272132.69,-849158.98,9.8,23085.22
-980113.88,673458.55,-124996.06,-672637.01,524469.17,741394.46,1.55,25683.55
-146536.89,-680084.59,870735.23,-452427.65,123895.97,-354552.06,2.54,26649.88
-992265.08,912908.83,79638.49,372181.19,-181038.53,997166.78,16.92,24265
116140.98,123384.44,-88923.41,181091.49,124044.63,-486606.03,992.73,64543.94
178506.91,-902164.16,-64871.54,-33456.91,-220789.19,-516418.48,15.19,29379.6
-479733.31,570559.52,-835744.75,-300583.34,673878.31,-966403.33,33.63,26663.67
242761.02,-279844.74,716787.22,770606.9,608322.89,41704.59,14.26,31407.31
-763385.2,171888.85,-946302.33,-89171.07,-606417.3,-687554.84,24.34,25457.89
977938.97,-314982.02,-873184.12,49013.72,-327664.66,229001.67,17.98,24287.24
-463731.85,-654064.27,-669145.71,90168.92,715770.34,-800666.04,14.06,27599.8
-892620.6,178734.21,-509130.5,-818180.31,778058.18,-410163.52,28.31,27627.7
172751.13,-776229.66,-289787.54,-35033.09,413937.57,796318.37,0.55,30460.97
780932.84,-818508.21,-271691.44,374587.53,527246.56,-661331.73,1.1,26006.57
338492.03,-702308.59,311001.6,696123.41,382348.88,-412102.33,9.09,30783.1
-470570.6,-37939.54,195009.67,260446.21,973894.3,909887.72,7.65,39475.26
605687.24,-380773.71,650967.86,77418.66,472764.6,775142.78,0.65,28488.14
840918.06,-424239.92,-404175.96,97039.17,-364648.86,-785165.29,5.44,27834.52
-542389.41,463528.81,538380.23,-505042.2,-959254.54,-566450.91,10.35,29831.61
231450.98,584806.16,553636.74,-180177.5,-338750.89,498154.1,2.29,30756.92
262391.1,890927.21,-566463.63,727726.54,690318.1,-793021,18.16,27045.09
545225.98,459206.99,-228733.31,789984.24,337751.74,27791.63,16.91,32610.33
-492268.71,523717.97,-784940.95,772806.25,28193.52,147511.2,8.87,27328.26
263999.99,107627.26,-297524.32,-695440.45,-162934.35,105958.59,944.43,43984.62
-41289.39,816234.39,-338257.23,507492.16,465771.65,990051.57,21.47,30001.13
-521391.96,-365886.09,-666590.36,162573.86,-37243.81,889671.61,6.97,29360.96
951066.77,514925.03,-781843.48,185860.95,789532.25,80484.46,2.54,24337.14
202347.1,186730.6,-549799.92,800811.39,716187.6,4895.61,8.43,35975.15
-190114.31,-595640.93,-357287.07,147852.12,103485.02,669321.98,9.43,33240.21
762930.14,-457728.17,-206901.96,238590.05,-108788.41,506719.85,3.01,29465.43
72261.91,-943810.01,450393.95,511159.02,154482.92,252423.82,5.3,27520.82
503613.81,-911238.47,70533.53,643935.7,221197.19,645808.28,7.51,27595.03
52535.24,177633.94,-695264.89,-279565.32,96689.83,603386.08,925.07,33286.32
-449957.44,-45354.14,130616.47,397798.48,212743.04,-473163.37,998.47,41153.16
881251.26,-253027.83,82423.95,92614.28,-966532.05,970881.76,24.61,29408.93
-579107.39,669797.05,611644.77,-232185.15,585234.91,-510859.04,14.28,27187.96
807317.77,517919.39,132954.16,-277562.42,-840128.26,982987.76,20.06,28670.34
141998.88,505715.53,415083.04,97480.62,-139104.99,761342.9,7.88,34473.04
-749480.38,-175870.2,307509.92,717594.97,-687471.82,-489608.31,9.61,30976.97
-185870.74,311958.86,-96505.39,-2227.01,-93850.31,346618.89,811.95,46061.95
78416.49,-879551.37,291672.75,829143.92,-682840.9,799108.83,27.16,29260.8
805972.77,-97160.94,-982951.1,-838208.08,571942.75,399273.53,5.78,24948
-50237.55,-116269.84,-206835.22,-80296.97,506604.22,262135.35,702,57332.07
342349.61,-250203.46,59873.73,-188731.87,67038.96,171803.15,592.64,43146.15
-958298.85,581197.42,-651278.9,-729100.81,880688.04,-438031.11,28.41,24778.76
-249144.98,-611568.6,42114.66,289751.38,68228.01,-250220,821.91,34709.81
-557309.23,821493.52,897565.81,138662.5,682625.39,-755269.34,15.93,24375.96
-258793.02,-578216.08,-726364.03,149960.98,-991005.81,169188.99,16.63,28734.89
-177967.72,-713708.37,-963047.43,941800.24,448721.19,-778605.58,20.25,25623.87
-182713.97,-546560.93,-371608.46,681491.27,580391.16,-537553.94,10.14,34067.11
790928.98,-930410.51,510536.59,573178.84,45276.72,-361682.68,23.58,24518.49
996101.87,-964144.24,-872431.98,117302.54,-317691.05,-350981.21,24.11,22035.68
-674984.97,627537.6,-386389.75,-769915.55,-342709.84,464162.77,13.18,28213.94
43191.51,32133.65,168374.54,148441.66,-299336.98,-456500.67,699.12,67155.08
858102.15,-32095.17,-930088.65,-683041.03,-376968.75,-944947.01,25.46,25073.36
-979593.45,-185185.17,902807.88,15883.48,-898359.18,-969227.83,4.07,24269.76
-427193.33,-52968.59,-167143.72,286248.1,166020.73,-284116.88,961.33,41549.89
-416407.74,162447.75,350016.3,-1475.23,-330383.54,-238578.63,952.37,37473.32
200585.53,-27185.33,565693.62,-118285.25,-3678.62,-700151.37,792.33,36426.28
-263339.44,890479.43,-857352.85,136493.67,716780.78,654883.74,15.56,25084.86
344995.22,747355.94,-48896.28,938090.35,642900.51,884329.65,9.06,31058.18
974392.59,20283.01,291843.16,172729.19,516240.02,82129.91,17.09,27967.38
875062.3,-816812.25,707512.26,-181785.21,666561.67,749771.38,21.92,23918.92
-644315.47,831634.4,406629,581526.11,155418.23,65511.95,5.99,26532.14
-494851.71,-49199.55,-181206.55,200019.98,36132.06,-11215.58,712.29,38810.06
595914.83,-99133.18,323277.27,-592154.68,78156.46,-153997.77,992.9,34110.56
-844125.1,-960032.88,627442.03,417550.69,-919872.47,376955.8,20.82,23634.07
-497714.19,234733.56,314445.18,173991.45,128328.51,64924.24,915.16,35465.99
-220508.42,-125956.89,112569.47,38929.14,-401012.06,-14366.53,982.53,53571.69
-989727.06,-992192.99,-567210.86,684073.48,706793.44,-478048.96,15.83,22930.32
-701885.97,-802545.41,-305996.68,-777923.48,197364.87,5639.48,19.51,26784.43
-55327.08,863287.94,-994860.89,730320.58,-49647.74,-891785.99,19.39,24563.87
-410433.01,-549767.52,623991.34,935369.61,-447988.12,-476099.28,17.28,29295.05
-217009.61,177508.24,926255.68,883866.76,489944.65,-678380.65,2.62,28614.68
90839.43,809761.19,165255.53,914934.68,-689990.46,-753956.46,19.33,30943.85
700674.79,340100.18,-171418.84,-914153.24,-601343.59,-864495.33,14.05,31591.31
-137967.21,171108.36,976500.12,929126.31,-66809.52,-312528.58,10.29,28186.23
-208298.6,885107.51,-647404.9,-830329.97,949676.15,-449262.45,15.91,26696.59
-720511.03,68549.47,688842.01,-180489.67,510962.86,-88507.85,6.66,28199.27
920199.01,238126.44,925778.63,-829468.59,907228.08,-799569.28,23.22,24488
-15270.11,146968.28,-159578.74,53244.09,-242247.87,744306.91,910.06,60544.34
83276.69,535422.48,-932672.46,-929231.27,-11112.89,-329559.6,2.25,27084.65
915820.56,-596203.78,-685662.14,-235530.75,-892619.98,136922.16,5.49,24797.45
-451998.1,824119.74,-943819.85,-819144.63,978509.68,192883.06,10.36,24423.47
-255240.55,818581.13,853853.78,-782410.29,842773.77,95802.2,0.41,25334.16
380956.37,818083.18,983937.39,-349148.32,-157102.03,353203.65,7.55,24385.49
-262745.93,-526617.84,-445430.51,139027.97,235121.16,424672.8,987.93,32864.97
-581610.43,155758.49,310513.72,396429.98,192474.13,-158094.14,873.87,34304.04
676540.7,33392.92,299870.52,-233725.85,-713779.64,-290892.93,0.11,32165.39
28413.99,120355.8,-170130.34,197879.15,-170347.9,-62508.43,843.95,61565.52
-11035.79,-325932.91,-313292.74,-929058.29,-573494.58,-361373.67,8.58,41959.44
996298.22,766827.81,747000.99,-640389.08,948339.54,190422.95,28.68,23326.39
-147756.8,-80320.65,26672.93,172737.54,-212281.81,-523058.84,977.38,68423.29
315632.96,238968.92,671253.59,80784.65,84475.17,-36024.31,890.09,31984.11
532760.35,281403.48,-436118.71,996096.82,-149389.67,429269.31,10.22,32707.91
65028.98,156433.79,-648502.82,812090.25,934483.93,-682818.23,17.37,34466.99
-25267.91,-671357.21,16393.96,399099.34,807513.43,589959.58,4.3,34390.23
-623742.74,669488.02,-540117.84,-193670.32,188942.18,-197452.86,16.12,27364.18
-35501.92,-801525.7,593983.64,-223025.29,-903675.68,-375268.54,19.79,28236.53
539807.34,-622137.71,43237.49,-588264.85,-828401.49,-657950.53,0.2,30638.53
-600672.18,750641.23,331943.8,819143.83,312565.88,-824756.35,11.08,27962.71
-346330.78,173221.77,-413282.18,-140445.14,261151.14,-47153.64,841.46,37518.35
353968.8,-759609.39,-749488.55,-590471.91,-39567.89,858624.58,13.83,26597.58
-194211.54,-50903.55,367453.31,-111205.06,540628.16,-386011.16,934.26,43633.57
461812.47,244573.64,939600.18,-889653.29,-626842.08,581505.68,16.31,27203.22
-200353.99,-200988.82,-250649.22,73837.72,112152.92,404139.56,408.02,45885.67
-206579.83,-586869.03,-188472.32,301897.02,803008.01,87687.93,926.99,35018.78
736303.12,-73794.3,399154.26,696634.08,-731212.96,-573810.58,21.88,30772.74
-436646.24,37808.14,528105.16,804035.19,153573.95,-57333.46,8.91,34050.33
368009.08,-37599.63,179813.8,-470519.5,-66756.1,-39664.44,651.58,44025.08
436317.69,-372400.99,348627.98,-183479.6,810740.67,926372.25,0.17,34012.86
691946.35,388648.91,-881733.28,317994.7,-507747.18,-448600.88,15.13,25893.39
-354376.7,-156172.3,107585.57,73207.28,-122691.61,-16910.28,873.78,44535.9
10614.31,-128925.81,83480.04,-419861.86,-324127.83,-160930.69,686.11,71958.44
155264.95,822835.57,464580.35,-62870.99,444002.22,-26595.71,10.35,28818.58
-202650.55,-409963.27,37932.31,-271126.41,-744760.95,100585.95,6.2,41646.82
835055.14,242346.31,535030.35,-282463.94,-735709.14,-120692.83,4.97,27885.77
791670,670312.65,-885231.28,753603.42,158242.19,4375.8,5.95,24118.65
-884164.21,-420699.67,995167.96,-898438.68,284620.99,-777117.26,5.58,23833.16
298788.9,-930936.08,714440.66,-712991.4,762377.04,892118.17,23.89,25635.95
-14362.3,-53472.58,435773.66,545196.54,-233931.44,-546640.29,989.68,42600.67
420060.71,786125.5,882139.68,416006.07,916380.74,243881.3,12.37,25178.22
221377.73,298848.53,273513.1,942757.41,-196442.53,214844.18,10.98,41532.05
-353198.09,-533788.77,-510310.76,-421620.01,930310.69,-335151.52,5.68,31159.29
389258.21,-340865.06,672263.03,-732647.95,743907.39,395548,1.98,30557.39
-564486.85,-655107.66,718289.39,-775315.67,-102904.26,-673664.33,16.46,26602.44
-732154.56,-216313.01,-747972.18,847982,-240905.53,32437.1,16.07,27283.92
104735.05,-118142.08,201358.36,-42206.7,-2269.04,246226.02,785.47,55817.53
249693.63,975587.65,824021.38,384680.81,-319892.27,-667110.86,1.99,24631.4
-191805.7,403263.79,-768771.01,-663297.25,824432.42,222090,1.32,29813.37
-36478.1,582322.87,72600.41,172115.13,-739899.75,-795726.13,7.67,36789.14
-769468.26,-573788.23,975742.12,-328750.03,340157.13,842911.63,19.07,24106.46
125215.94,-399264.78,-533783.18,-488549.95,-608329.81,-778767.4,18.74,34264.42
-951942.62,-957227.98,-713496.84,-188509.96,-347833.31,566769.05,27.16,22826.41
-600284.27,160133.83,406445.69,-488490.79,-467142.73,478907.93,8.36,32733.79
500877.09,710581.59,-478476.25,128576.79,126957.24,-726602.5,16.94,28318.23
-435729.17,505848.01,-549062.67,-200326.07,-465171.66,-29960.31,7.06,30326.24
-285359.11,-549811.68,872575.38,-443733.72,-254602.8,936933.29,6,27241.89
-61856.1,-355772.22,242736.87,231115.94,396583.14,-531719.18,743.12,42804.17
-379425.95,-252908.23,87154.39,171051.48,96197.05,-623805.4,940.46,41439.32
-130860.83,-339969.2,190131.33,570674.51,27965.43,-117167.64,920.28,44046.15
211466.96,-44030.44,105046.55,76916.28,-128512.7,-580339.09,684.07,57611.17
-848296.52,-591165.88,631997.26,449730.64,-321328.34,820764.45,18.62,25622.49
-746982,945335.17,617821.82,-825049.61,189218.91,-913845.26,8.84,24219.08
837284.73,-175885.75,390018.92,-621916.7,544257.53,-8291.75,4.13,29054.82
-66367.78,29590.58,668576.24,-876482.17,-860189.34,-138260.62,9.46,34399.07
-162465.77,-96946.77,477376.71,-327966.19,79755.77,97382.22,896.83,39401.77
-501978.97,-104929.96,850964.93,-777276.42,416204,-169476.43,15.53,28299.52
-677833.99,-470618.1,-6641.83,410317.66,-278302.82,283855.37,2.61,31001.24
390500.61,-324275.31,433291.76,-536139.61,-297323.09,-148640.84,5.95,34520.47
624903.16,468792.59,98513.2,754712.66,380304.67,-905972.29,7.77,31781.44
46089,808856.18,524637.04,-177618.87,740085.83,134596.13,17.84,28715.14
476531.13,-514263.14,-728693.78,735526.68,-435680.33,-53663.95,5.89,28026.28
-868415.61,978745.92,472758.28,-607397.6,342820.88,-555675.63,5.11,23871.06
154998.96,-502399.43,-969358.68,177797.69,772034.84,174199.21,0.87,26693.77
-558631.06,461841.53,729003.25,848033.89,532618.72,-407418.3,17.4,27822.15
-99111.32,420982.87,-690483.04,383326.97,472176.26,647220.27,0.11,30634.86
-345760.55,-820314.23,-548318.75,-541827.99,-59045.47,-674337.58,17.93,27588.27
518515.27,209459.63,-39875.67,-265747.18,-406224.59,-289447.5,874.42,37708.8
-774604.23,981767.32,-990987.15,-221596.85,-478278.3,-483968.84,3.05,22251.77
185143.71,253048.13,166944.34,-65874.49,-663235.39,306028.89,919.29,47373.56
979810.72,822984.33,717596.36,630535.6,-194010.19,-866013.49,16.56,23279.75
-220672.89,-377962.73,965775.06,977556.91,187892.41,-3152.46,14.61,27391.1
285559.05,-20979.62,511186.29,459382.98,-442388.82,110244.91,12.09,36862.16
309624.48,-511745.25,-279445.45,979158.71,400098.09,-531825.31,2.07,34665.98
945524.72,799160.25,-180945.79,667775.13,625772.45,395075.67,20.44,25217.15
-418795.23,41803.25,620385.51,-814017.99,629322.35,848095.83,0.73,32431.35
223606.12,-204824.81,-612427.91,661472.08,299478.91,644789.25,11.1,34126.88
-401882.82,-516967.17,-637448.01,-750118.21,557329.44,150659.81,11.47,29504.37
-54897.03,-370901.94,82273.61,514177.05,920091.27,800964.21,6.97,45543.37
-152672,185511.43,196152.9,497678.78,180997.87,218051.02,958.26,50698.16
659186.98,-93285.04,466447.33,212234.05,-151309.06,894484.28,3.11,31245.21
-256191.01,-206041.21,979407.18,695924.7,-828738.5,-904601.61,4.65,27717.52
-315253.22,64016.06,115821.62,-134633.45,268552.73,-589055.22,998.67,48287.43
-43624.46,176927.25,-371149.07,-315910.63,-118065.57,-178926.54,780.61,43909.99
556611.61,-746541.52,279281.13,-671490.07,-792036.27,836933.58,20.8,28614.05
-707383.41,-291377.47,25120.55,546558.64,-707613.16,-544633.23,3.45,32207.72
995099.24,-858315.85,-197990.47,832440.51,859295.97,-248500.04,12.22,24455.89
71347.24,493145.48,459844.27,227460.51,-388932.74,-450019.11,919.19,34289.3
-964424.08,700259.15,-952279.5,-401095.46,152841.53,-801071.66,35.66,22840.62
-919022.47,-790348.62,-712754.43,33132.61,249489.91,-637329.43,22.44,23785.51
-754737.52,-171390.45,489257.78,899335.53,-545050.11,119433.41,10.75,29474.09
796734.83,-778627.3,409709.54,-623874.9,769412.44,955744.24,6.93,25865.58
-861827.48,-31932.32,-495649.32,-598168.8,425735,623633.1,9.87,28273.58
98606.91,-731901.79,-299080.51,-257048.43,533514.88,-1761.48,5.12,31580.94
64346.19,-224601.27,41027.25,-41655.98,462360.06,76056.21,652.08,57971.8
-221970.6,-898073.67,657320.36,799659.78,-102605.92,232101.12,18.54,26478.81
-669655.21,-63847.79,-933848.64,698273.01,-341035.82,-935504.78,22.22,26295.97
-433806.74,-209027.41,-271544.56,123064.95,600077.04,209966.21,998.23,37974.45
-660226.89,960333.21,11753.92,-433960.43,304827.29,-863174.22,19.49,26129
-296370.43,602177.92,6069.52,-321978.42,550758.55,-155672.96,5.98,34422.16
-259041.26,-175537.88,-331710.67,-341075.76,50094.78,320007.52,754.78,41811.66
724953.17,-226967,579928.69,912076.94,717346.16,-857844.38,27.59,28863.62
-737442.29,453016.14,103235.76,408106.11,722327.54,274005.09,14.85,30217.04
553725.77,167975.33,561163.83,-185879.24,447049.23,-261576.92,9.17,31414.26
748452.04,179684.82,504268.36,-941752.55,-332309.16,-479769.85,8.17,29394.15
677896.48,72352.15,862198.89,101693.25,735720.77,767308.73,25.68,26910.85
-255273.36,945068.71,440068.94,-619062.26,501785.34,697653.61,8.02,27210.27
73083.49,560091.4,-258984.16,517047.34,-224930.42,802266.02,9.26,35788.37
293098.11,577093.97,-849250.42,-960192.36,372397.44,-578044.95,1.7,27202.29
-719486.5,-479766.46,-427927.91,-954647.75,-800378.14,200887.87,14.54,28716.7
152492.32,-307220.18,-424643.28,-177514.06,581722.28,256270.15,905.79,38216.11
-636346.15,-979062.46,-579660.4,-948923.55,525225.91,-894257.81,6.03,24671.16
-950891.71,-687651.42,636356.45,-486208.03,968041.06,805410.13,20.92,24412.04
-226717.63,607125.47,532601.21,-51956.95,-418479.46,-201363.09,998.04,30828
657661.89,-939167.96,141476.37,-411447.55,-506435.85,-801276.57,23.43,26247.35
977783.91,848271.77,108583.7,76443.75,-355122.87,810761.98,1.84,24645.65
-413218.37,427620.79,811381.8,118433.76,-39081.67,680991.94,11.05,28117.23
968363.74,707363,-802151.55,365311.67,-80279.26,-352530.93,21.31,23480.36
583700.02,926936.94,124228.43,-997379.16,-380621.87,318019.85,13.46,26860.08
806940.25,58143.43,987279.97,-553657.79,-640827.01,688499.16,2.79,24895.64
296898.76,-522334.22,-39438.34,-181059.01,635851.43,156125.39,986.79,36387.13
-489281.63,567461.56,-624839.64,601725.66,473678.43,-666695.9,10.5,28550.92
-598655.97,-506478.18,34784.96,-730361.06,-97086.64,873740.37,9.99,31837.01
-660392.27,-599502.84,-643528.74,422385.36,-933985.31,-517100.09,9.7,26884.16
-424196.62,-367216.09,135494.08,525558.55,560107.13,-329701.4,987.12,37164.34
-679827.26,-510400.84,575771.88,238231.45,457131.13,867264.97,6.69,27816.96
-350441.45,-103609.07,407349.68,-66751.01,204222.29,-270005.72,648.31,38167.66
-517013.02,89291.65,-498321.57,23419.15,138484.04,314406.56,942.32,33192.26
-568526.09,-24359.63,951081.82,248249.58,-977797.37,560416.38,9.83,26781.2
915213.7,-327590.08,910932.19,151472.46,-668458.26,593405.87,4.78,24394.42
994155.77,-669127.35,-488682.31,-632294.54,-160519.52,-479846.98,3.84,24741.55
-531320.57,146062.91,-194841.77,23167.3,-195991.65,-118402.47,765.15,36932.38
-41357.55,190450.24,-984816.07,-800099.36,-573155.88,-980652.03,18.44,28155.65
526032.73,-137705.62,394308.71,954357.44,700731.19,-367801.09,6.73,34412.65
-29626.55,594536.67,264616.34,238300.38,-151154.46,-782203.59,10.76,34954.49
889747.03,546180.95,-837276.02,-267469.91,365085.42,-553006.87,18.38,24379
-999813.89,-352170.35,978880.39,786106.3,-945544.15,-733256.79,27.71,23483.66
-214658.26,666420.24,308138.22,48447.54,-405590.23,-406882.13,936.2,32282.81
-763906.35,-946742.14,-939134.19,495444.64,863357.63,-382249.05,11.62,22735.24
546183.61,150355.94,-122056.77,360490.24,-285885.64,348963.93,8.01,37058.2
-479740.66,-348475.57,803366,-941164.24,231288.73,-510530.64,14.21,28227.6
-850274.12,-382890.27,381166.89,-602164.04,-648266,753001.6,28.52,28112.85
656529,-894931.71,-673948.51,-282190.82,899670.53,-811615.08,23.36,24754.36
-923608.03,-782461.62,-675536.2,95007.1,-468727.38,-266517.09,19.5,23953.73
-113951.98,-409325.67,-348458.6,158903.95,103454.24,454207.45,680.7,38089.1
377653.76,19579.65,-172074.65,-811974.16,200715.74,-58420.02,997.45,43804.18
341738.47,200573.11,202301.72,-4149.83,70449.09,-341844.07,977.29,42330.31
609201.1,-972751.08,297268.88,-165161.07,-897404.78,749870.71,1.05,25753.79
526729.62,-626088.76,-579921.96,379593.09,355077.17,-215292.88,10.48,28159.39
841449.86,-852388.35,-696121.77,826335.36,664627.82,767295.01,30.11,23968.25
-319814.19,-451925.25,-515660.33,115634.45,567806.21,-867353.61,8.63,32425.89
-861825.64,-648796.62,47242.61,949796.47,-57352.31,894648.88,15.94,27144.31
-509549.88,525676.75,952266.19,-846284.88,810968.86,-549369.11,9.85,25722.32
683233.41,-555188.78,-860754.7,835033.53,-861853.75,-213508.82,26.77,25424.91
961845.94,-849387.92,438929.86,119945.42,812151.87,601998.52,8.27,24197.38
-80707.98,-418562.21,155710.62,55541.19,87024.72,-474426.16,998.85,41912.43
185471.86,-421351.6,870761.57,-915857.32,-25416.56,-779345.25,5.89,28398.47
798478.87,-783304.38,-989896.32,960401.99,-225163.46,403023.08,14.57,23068.17
716108.51,-98501.08,-869452.19,770962.64,-577414.87,-446408.26,17.73,26526.75
-988230.3,160744.11,-439669.16,-676011.43,23539.05,624797.6,11.39,26966.11
441241.29,-289173.81,410431.07,532857.53,-916319.16,927804.12,24.11,34518.92
964657.11,-879751.54,-288909.79,-337629.56,-832044.24,-484627.98,13.41,24382.74
-813013.39,-499977.4,-344879.61,-47954.44,-277871.98,-380872.05,10.71,27992.81
988587.84,965929.78,527486.87,426554.81,726624.63,-852461.78,24.05,23189.26
-98419.62,22345.33,447649.36,194950.94,150547.2,-247989.23,622.49,41680.6
457283.61,-210616.71,110006.17,105912.74,44469.59,454350.34,966.51,39331.6
174088.57,-350651.88,651200.43,-198559.26,-547868.95,845232.02,6.4,32349.03
-251149.31,220994.67,294704.03,26730.73,359630.92,-295254.71,887.56,42286.39
-79398.9,-266041.61,-270793.48,-136938.05,-36271.88,-188552.1,973.14,45338.26
307639.72,-193537.75,-497862.54,-144650.62,-998120.34,-670291.59,22.32,35945.76
-490520.49,76967.07,112810.34,333254.67,-19724.37,-158179.98,852.69,39568.67
-148833.2,790339.75,136492.91,-138800.73,-505614.02,-150662.19,962.27,31261.76
263108.39,-190198.05,925019.88,-635975.2,230623.78,814655.23,11.62,28484.21
-463530.26,-831779.27,-542631.62,35550.28,-716060.59,-358870.74,18.18,26944.82
-326685.82,365025.01,355324.04,23630.78,-519151.5,-186319.98,950.42,36295.27